Student ID,Name,Institution,Stream,Event,Contact Number
Trial_1,John,TopTrove,CS,Python,845
Trial_2,John,TopTrove,CS,Python,847
Trial_3,John,TopTrove,CS,Python,849
Trial_4,John,TopTrove,CS,Python,851
Trial_5,John,TopTrove,CS,Python,853
Trial_6,John,TopTrove,CS,Python,855
Trial_7,John,TopTrove,CS,Python,857
15463,John,Top Trove,Computer Science,Python Programming,9999999999
15687,John,Top Trove,Computer Science,Python Programming,999999999
Trial_8,Abeer,TopTrove,Student,Python Prog,56565656
